subject,trial,emg_file,label,top_k,top_channels,top_ratio,sig_count,sig_channels,sig_ratio,top_mean,rest_mean,mean_ratio,mean_to_median
(02)Bosco,trial 2,PaPi13112025_154310_M02DA1_EMG_raw.sig,Wrist Extension,5,15;16;17;18;14,0.3424750924852297,2,15;16,0.16448015954801834,0.0002398751992645658,8.528542262790441e-05,2.812616645064046,1.4092186186528097
(02)Bosco,trial 3,PaPi13112025_154842_M02DA1_EMG_raw.sig,Wrist Extension,5,16;15;17;1;18,0.280459356480648,2,15;16,0.1260070194968045,0.00021862818192108923,0.00010387182939274442,2.1047880180722096,1.2515854769887138
(02)Bosco,trial 4,PaPi13112025_155541_M02DA1_EMG_raw.sig,Wrist Extension,5,15;14;16;17;18,0.27680244750391514,3,14;15;16,0.18271939598015474,0.0001854482505600571,8.972552388436005e-05,2.0668394290911727,1.203622960805657
(02)Bosco,trial 5,PaPi13112025_160106_M02DA1_EMG_raw.sig,Wrist Extension,5,15;16;14;17;18,0.3353838483730162,2,15;16,0.16101958503329716,0.00023009805526680963,8.443994386892925e-05,2.7249906232052474,1.4530681725573387
(02)Bosco,trial 6,PaPi13112025_160818_M02DA1_EMG_raw.sig,Wrist Extension,5,15;16;14;17;18,0.29169019552684045,3,14;15;16,0.1942121020502214,0.0001791579762126673,8.056451740201321e-05,2.2237826525873334,1.2270649903656579
(02)Bosco,trial 7,PaPi13112025_161447_M02DA1_EMG_raw.sig,Wrist Extension,5,15;14;16;17;18,0.3199748611637722,3,14;15;16,0.21257628106858645,0.00018703627340355803,7.361074098716523e-05,2.5408829050663906,1.363441721102086
(02)Bosco,trial 8,PaPi13112025_162007_M02DA1_EMG_raw.sig,Wrist Extension,5,16;15;17;18;14,0.3390543274995858,2,15;16,0.16720362404747705,0.0002488911255720533,8.984876738374994e-05,2.770111742424057,1.3331663818206116
(03)Manon,trial 1,PaPi14112025_162834_M02DA1_EMG_raw.sig,Wrist Extension,5,20;21;19;22;18,0.28840492281207764,3,19;20;21,0.19445273292653065,0.00028470624678449537,0.00013008688134588997,2.188585381084551,1.1757943300167664
(03)Manon,trial 2,PaPi14112025_163511_M02DA1_EMG_raw.sig,Wrist Extension,5,19;18;20;21;17,0.30443529424857724,3,18;19;20,0.2126620387428594,0.00023467783919415295,9.929350873646497e-05,2.3634761444175743,1.2000162739131808
(03)Manon,trial 3,PaPi14112025_163849_M02DA1_EMG_raw.sig,Wrist Extension,5,20;19;21;18;22,0.31009477075082165,3,19;20;21,0.21423647214488162,0.0002729505973213827,0.00011245668659124471,2.427162008725173,1.1862978264627086
(03)Manon,trial 4,PaPi14112025_164153_M02DA1_EMG_raw.sig,Wrist Extension,5,20;21;19;22;18,0.3339675496060623,3,19;20;21,0.22480604848767505,0.0002598834473975315,9.597894648589883e-05,2.707713065340985,1.2580954898736856
(03)Manon,trial 5,PaPi14112025_164651_M02DA1_EMG_raw.sig,Wrist Extension,5,20;21;19;22;18,0.26175764590568656,3,19;20;21,0.1743905387003821,0.00016357358410417218,8.543168877744457e-05,1.9146710833528366,1.1023425169265526
(03)Manon,trial 6,PaPi14112025_164942_M02DA1_EMG_raw.sig,Wrist Extension,5,20;19;21;18;22,0.26629635855454087,2,19;20,0.1294011299492854,0.00023677280508678172,0.00012080739128834817,1.959919857234914,1.1247579234188152
(03)Manon,trial 7,PaPi14112025_165321_M02DA1_EMG_raw.sig,Wrist Extension,5,20;21;19;22;18,0.24960027487899264,3,19;20;21,0.1657923532098936,0.00024768912904317463,0.00013789889724277816,1.7961646829351003,1.059256114795371
(03)Manon,trial 8,PaPi14112025_165701_M02DA1_EMG_raw.sig,Wrist Extension,5,19;20;21;18;22,0.24069053029701942,2,19;20,0.1159863047542752,0.0001897404801613813,0.00011084753705710845,1.711724817698271,1.0870100048461349
(04)Marie,trial 1,PaPi17112025_092927_M02DA1_EMG_raw.sig,Wrist Extension,5,12;13;11;14;24,0.22147422105874692,2,12;13,0.10302140249706394,0.00017007677692892513,0.00011071362534122944,1.5361865028331705,1.0772749098601249
(04)Marie,trial 2,PaPi17112025_093357_M02DA1_EMG_raw.sig,Wrist Extension,5,32;13;19;12;31,0.2622614872641556,1,32,0.12147426392048472,0.00024561665384078863,0.0001279475536941584,1.9196666661396478,1.1149848101398958
(04)Marie,trial 3,PaPi17112025_093851_M02DA1_EMG_raw.sig,Wrist Extension,5,13;12;19;20;14,0.19876598794848133,1,13,0.04743530753173086,0.00017215775577482801,0.00012851391020439164,1.3396040592105878,1.0392580299045902
(04)Marie,trial 4,PaPi17112025_094311_M02DA1_EMG_raw.sig,Wrist Extension,5,13;14;12;32;15,0.19294549814814113,1,13,0.04396319768934029,0.00019992842922843092,0.00015486347795737806,1.2909979284041118,1.0034893346402103
(04)Marie,trial 5,PaPi17112025_094747_M02DA1_EMG_raw.sig,Wrist Extension,5,13;14;12;20;15,0.1854555297424295,2,13;14,0.0819258536904317,0.00017424275002213992,0.00014172157476853933,1.229472296696635,1.0327644108468323
(04)Marie,trial 6,PaPi17112025_095039_M02DA1_EMG_raw.sig,Wrist Extension,5,13;14;20;21;12,0.1869319044387075,2,13;14,0.08169138332459103,0.00018808164574404219,0.00015149424874134033,1.2415101385477068,1.0403169833669288
(04)Marie,trial 7,PaPi17112025_095610_M02DA1_EMG_raw.sig,Wrist Extension,5,14;13;1;16;15,0.1945370236830271,1,14,0.042868332415471534,0.0002388465791012846,0.00018313383121573674,1.3042187645816066,1.0135247588256469
(04)Marie,trial 8,PaPi17112025_095950_M02DA1_EMG_raw.sig,Wrist Extension,5,32;20;21;13;19,0.20655249385690413,1,32,0.06318601141045194,0.00020787250621590725,0.0001478737372016894,1.4057432384520299,1.0620568432885888
(05)RubyA,trial 1,PaPi17112025_111917_M02DA1_EMG_raw.sig,Wrist Extension,5,14;13;15;12;16,0.21374227323978945,2,13;14,0.0928044260529204,0.00018333619160207398,0.00012489036883756312,1.467977021034565,1.09884658985321
(05)RubyA,trial 2,PaPi17112025_112343_M02DA1_EMG_raw.sig,Wrist Extension,5,14;15;13;16;12,0.24187952419498737,2,14;15,0.11305040625971216,0.0002196101621048756,0.00012746700850555588,1.7228784505074777,1.1517722755225133
(05)RubyA,trial 3,PaPi17112025_112827_M02DA1_EMG_raw.sig,Wrist Extension,5,14;13;15;16;17,0.19953101063662973,2,13;14,0.08294641747162361,0.00015341662526957385,0.00011397583298998514,1.3460452206833557,1.050710147856051
(05)RubyA,trial 4,PaPi17112025_113239_M02DA1_EMG_raw.sig,Wrist Extension,5,14;13;17;16;15,0.19878619970417868,1,14,0.04133296760234255,0.00012239190101748926,9.135264166893924e-05,1.339774075292052,1.0803017150970695
(05)RubyA,trial 5,PaPi17112025_113839_M02DA1_EMG_raw.sig,Wrist Extension,5,14;15;13;16;17,0.2109926476006344,3,13;14;15,0.1364015878577308,0.00016363857184505752,0.00011331976079640522,1.4440426867742606,1.10112026248484
(05)RubyA,trial 6,PaPi17112025_114304_M02DA1_EMG_raw.sig,Wrist Extension,5,14;15;13;12;16,0.2529602299858293,3,13;14;15,0.16602086396057422,0.00019601110456067533,0.00010719595349730236,1.8285308182422022,1.1927876797326333
(05)RubyA,trial 7,PaPi17112025_115015_M02DA1_EMG_raw.sig,Wrist Extension,5,17;18;16;19;15,0.2622293161331308,3,16;17;18,0.17028868268790226,6.739096942690136e-05,3.511139589273932e-05,1.9193474857214983,1.1701601983189904
(05)RubyA,trial 8,PaPi17112025_115440_M02DA1_EMG_raw.sig,Wrist Extension,5,14;15;16;13;17,0.24407411034955737,1,14,0.05200917774905373,0.0002712166521758965,0.00015555361048031434,1.743557422668885,1.1663239011710966
(06)Arsh,trial 1,PaPi17112025_164049_M02DA1_EMG_raw.sig,Wrist Extension,5,12;19;18;15;13,0.24528782649168132,2,12;19,0.1081234686180636,0.00010771095480846134,6.137216955283758e-05,1.7550455783664118,1.1536842959915437
(06)Arsh,trial 2,PaPi17112025_164449_M02DA1_EMG_raw.sig,Wrist Extension,5,18;19;12;1;14,0.28059964876457943,2,18;19,0.12355311328997626,0.0001376459010105756,6.535112159309341e-05,2.106251547871255,1.2890755376865481
(06)Arsh,trial 3,PaPi17112025_164749_M02DA1_EMG_raw.sig,Wrist Extension,5,14;1;16;17;15,0.26406203699406305,3,1;14;16,0.17000796226172213,0.0001236649740421955,6.382461269735755e-05,1.9375750014902238,1.204901273718902
(06)Arsh,trial 4,PaPi17112025_165107_M02DA1_EMG_raw.sig,Wrist Extension,5,15;12;16;13;14,0.28007771339137005,2,12;15,0.11911688639124356,0.0001131702259645275,5.386981564790938e-05,2.1008096018780322,1.2256571466900512
(06)Arsh,trial 5,PaPi17112025_165407_M02DA1_EMG_raw.sig,Wrist Extension,5,13;15;16;14;19,0.23240442921690405,2,13;15,0.10186395511342837,0.00011019558302748002,6.739978118761051e-05,1.6349546109169903,1.1399170844667208
(06)Arsh,trial 6,PaPi17112025_165727_M02DA1_EMG_raw.sig,Wrist Extension,5,1;13;14;19;15,0.22467300208142513,2,1;13,0.10510184227402677,0.00031200874300567046,0.00019939167540597923,1.5648032565571899,1.0924670578815587
(06)Arsh,trial 7,PaPi17112025_170054_M02DA1_EMG_raw.sig,Wrist Extension,5,1;13;19;15;16,0.2680173344577723,1,1,0.0735899998255715,0.00012877832524675248,6.513087695731473e-05,1.9772238800216189,1.2135497317727966
(06)Arsh,trial 8,PaPi17112025_170403_M02DA1_EMG_raw.sig,Wrist Extension,5,14;16;1;15;21,0.2637563269657254,1,14,0.061089229065904284,0.0001194542165419215,6.174850024277683e-05,1.9345282245279298,1.2467736802195004
(07)Noah,trial 1,PaPi18112025_102609_M02DA1_EMG_raw.sig,Wrist Extension,5,14;16;15;17;20,0.23819827882118888,1,14,0.05222854223376842,0.00016607166097224127,9.835696064093895e-05,1.6884586499017695,1.1972771168224794
(07)Noah,trial 2,PaPi18112025_102938_M02DA1_EMG_raw.sig,Wrist Extension,5,15;14;16;17;13,0.2627608815792676,2,14;15,0.13590144306346544,0.00025055580882793374,0.0001301842294262503,1.9246248945220683,1.1659408194558654
(07)Noah,trial 3,PaPi18112025_103902_M02DA1_EMG_raw.sig,Wrist Extension,5,15;14;16;13;17,0.301579074538655,3,14;15;16,0.21944595114845708,0.00036039024899440066,0.0001545593599873782,2.3317271048730484,1.240214473110984
(07)Noah,trial 4,PaPi18112025_104224_M02DA1_EMG_raw.sig,Wrist Extension,5,15;16;14;32;30,0.23230261851774534,2,15;16,0.12185087861192578,0.00029660929140757356,0.0001815210293444813,1.634021647401986,1.0655629827301183
(07)Noah,trial 5,PaPi18112025_104542_M02DA1_EMG_raw.sig,Wrist Extension,5,15;14;16;13;23,0.25872725031968924,2,14;15,0.12607863647370907,0.0002521666581672403,0.0001337918827548068,1.8847679917127154,1.1395219482053294
(07)Noah,trial 6,PaPi18112025_104912_M02DA1_EMG_raw.sig,Wrist Extension,5,15;16;14;22;21,0.23393767615100697,2,15;16,0.11213584211038181,0.00019540463432842116,0.00011849636599591962,1.6490348263941685,1.0767989434495329
(07)Noah,trial 7,PaPi18112025_105429_M02DA1_EMG_raw.sig,Wrist Extension,5,15;16;17;14;18,0.23132958116675503,2,15;16,0.10828207109763974,0.00021283954390478892,0.00013096871198067564,1.625117485588415,1.1203031419570255
(07)Noah,trial 8,PaPi18112025_105806_M02DA1_EMG_raw.sig,Wrist Extension,5,15;16;14;13;21,0.24734505843170307,2,15;16,0.12275523863259762,0.0002136085943851269,0.00012036982842602344,1.7746024662351818,1.093972993495068
(08)Zoe,trial 1,PaPi18112025_111433_M02DA1_EMG_raw.sig,Wrist Extension,5,12;13;11;14;15,0.25079280612720445,2,12;13,0.11993564256260757,0.000472964079333423,0.0002616503152778391,1.8076189926665893,1.1340056900634772
(08)Zoe,trial 2,PaPi18112025_111820_M02DA1_EMG_raw.sig,Wrist Extension,5,13;14;12;15;1,0.23803128038863114,2,13;14,0.10581054486865224,0.0003755890465870225,0.00022264977921040128,1.686905093366814,1.1219721433012078
(08)Zoe,trial 3,PaPi18112025_112317_M02DA1_EMG_raw.sig,Wrist Extension,5,14;13;15;12;16,0.28066256697572783,3,13;14;15,0.18417222730655516,0.00029473441684678685,0.00013988954589572029,2.1069080963812308,1.1837202664051008
(08)Zoe,trial 4,PaPi18112025_112713_M02DA1_EMG_raw.sig,Wrist Extension,5,12;13;14;11;15,0.2932268099669951,2,12;13,0.13049318378116234,0.00029358277828924275,0.00013104281313562152,2.240357721757713,1.1121849769060816
(08)Zoe,trial 5,PaPi18112025_113053_M02DA1_EMG_raw.sig,Wrist Extension,5,13;14;1;15;12,0.2805885707781236,3,1;13;14,0.18458571239689742,0.00021735810725120029,0.00010320231515152794,2.1061359615049513,1.0260188747561956
(08)Zoe,trial 6,PaPi18112025_113406_M02DA1_EMG_raw.sig,Wrist Extension,5,26;27;32;31;30,0.3112659888030635,2,26;27,0.1668626091973835,0.000793228590084269,0.0003250307574831866,2.4404723916791218,1.2268354545708298
(08)Zoe,trial 7,PaPi18112025_113934_M02DA1_EMG_raw.sig,Wrist Extension,5,27;14;15;16;29,0.23961969476177677,1,27,0.06612946770695122,0.00033978544575412486,0.00019967300855701521,1.701709450915102,1.0436542713038999
(08)Zoe,trial 8,PaPi18112025_114324_M02DA1_EMG_raw.sig,Wrist Extension,5,1;32;4;3;2,0.3118928553941365,2,1;32,0.16253833973471074,0.00027730261433644624,0.00011329502639952649,2.447615073220948,1.1954334654614243
(09)Simeon,trial 1,PaPi18112025_131420_M02DA1_EMG_raw.sig,Wrist Extension,5,17;16;18;15;19,0.26444407258562497,3,16;17;18,0.1821153247134629,0.00019022864151975086,9.798599551358737e-05,1.9413860166718675,1.1640940391161743
(09)Simeon,trial 2,PaPi18112025_131839_M02DA1_EMG_raw.sig,Wrist Extension,5,17;16;18;15;19,0.26422556836955,3,16;17;18,0.17895177461606543,0.0003824363365649467,0.0001972128642368182,1.9392058324638877,1.1693905813269183
(09)Simeon,trial 3,PaPi18112025_132209_M02DA1_EMG_raw.sig,Wrist Extension,5,17;16;18;15;19,0.28319865952954154,3,16;17;18,0.19432980857697457,0.00017281811804909633,8.100337742035487e-05,2.13346805469953,1.1787527660272188
(09)Simeon,trial 4,PaPi18112025_132515_M02DA1_EMG_raw.sig,Wrist Extension,5,17;16;18;19;1,0.2950336200477144,3,16;17;18,0.202345017701849,0.0001921990050941394,8.5046074629615e-05,2.2599397553759792,1.2299524651274907
(09)Simeon,trial 5,PaPi18112025_132928_M02DA1_EMG_raw.sig,Wrist Extension,5,17;18;16;19;15,0.25677615455068015,3,16;17;18,0.16844779887155578,0.00027983806576670683,0.0001499954118822759,1.8656441704119466,1.1760977396533672
(09)Simeon,trial 6,PaPi18112025_133321_M02DA1_EMG_raw.sig,Wrist Extension,5,17;18;16;19;15,0.27340420346259064,3,16;17;18,0.18709299269801888,0.0002234806352819473,0.00010998509420800888,2.0319174783747553,1.1757398541301494
(09)Simeon,trial 7,PaPi18112025_133615_M02DA1_EMG_raw.sig,Wrist Extension,5,17;18;16;15;14,0.21337743715006868,3,16;17;18,0.14144576889563026,0.00043500558518044303,0.0002969743755817024,1.4647916485332118,1.078121704953692
(09)Simeon,trial 8,PaPi18112025_133920_M02DA1_EMG_raw.sig,Wrist Extension,5,17;18;16;19;15,0.26291437854156996,3,16;17;18,0.17296416265242898,0.00032524534539880455,0.00016885772419423183,1.9261502365428358,1.1746552632723246
(10)Adam,trial 1,PaPi19112025_102224_M02DA1_EMG_raw.sig,Wrist Extension,5,18;17;19;20;32,0.22514479929036443,0,,0.0,0.000339561178565951,0.00021641278067387372,1.569044016294294,1.1920148280355793
(10)Adam,trial 2,PaPi19112025_102543_M02DA1_EMG_raw.sig,Wrist Extension,5,19;18;17;16;15,0.22366599006151855,2,18;19,0.09705084348785255,0.0002811579448255452,0.00018071960177336286,1.5557689485069817,1.1574373172089387
(10)Adam,trial 3,PaPi19112025_103020_M02DA1_EMG_raw.sig,Wrist Extension,5,14;18;19;32;17,0.26296502380271386,1,14,0.07840064342919736,0.00030886359550875503,0.00016031090756233324,1.9266536519897155,1.2462981943019935
(10)Adam,trial 4,PaPi19112025_103450_M02DA1_EMG_raw.sig,Wrist Extension,5,32;13;18;12;19,0.2453090653836516,1,32,0.059191660506461394,0.0002973393783250242,0.00016940031153142557,1.7552469392588133,1.1774609716378293
(10)Adam,trial 5,PaPi19112025_103916_M02DA1_EMG_raw.sig,Wrist Extension,5,18;17;12;19;13,0.21139398939691031,1,18,0.04882546131701479,0.00028619018746101163,0.00019770990497960142,1.4475257953846021,1.0693263048339572
(10)Adam,trial 6,PaPi19112025_104310_M02DA1_EMG_raw.sig,Wrist Extension,5,32;18;19;17;12,0.23002517951831847,2,18;32,0.10718294081213764,0.00033605403495362356,0.00020831306041380792,1.6132163498825367,1.1680491112686235
(10)Adam,trial 7,PaPi19112025_104837_M02DA1_EMG_raw.sig,Wrist Extension,5,18;17;19;16;15,0.2343970414336178,2,17;18,0.09967279817936398,0.0002891007657455637,0.0001748666376668644,1.6532642795838786,1.164183173242809
(10)Adam,trial 8,PaPi19112025_105231_M02DA1_EMG_raw.sig,Wrist Extension,5,14;13;17;18;16,0.2187714645067502,0,,0.0,0.0003071015755046993,0.0002030839999581891,1.5121899094361215,1.1613171548608403
(11)Francesco,trial 1,PaPi19112025_155750_M02DA1_EMG_raw.sig,Wrist Extension,5,21;17;18;32;16,0.22424659096471145,1,21,0.04914347817198165,0.00020986643807407445,0.0001344457490083748,1.5609748885478083,1.1580575755713922
(11)Francesco,trial 2,PaPi19112025_160101_M02DA1_EMG_raw.sig,Wrist Extension,5,20;32;16;21;15,0.23178234391102726,2,20;32,0.10142925113319015,0.0001365223162003114,8.379417356366723e-05,1.6292578635742625,1.1464538510883537
(11)Francesco,trial 3,PaPi19112025_160509_M02DA1_EMG_raw.sig,Wrist Extension,5,20;21;32;22;19,0.2595589198643641,2,20;21,0.1297349712380512,0.00013747472594052206,7.26245827458077e-05,1.892950303366223,1.1586675010744274
(11)Francesco,trial 4,PaPi19112025_160810_M02DA1_EMG_raw.sig,Wrist Extension,5,20;19;21;15;14,0.2489162558361514,2,19;20,0.12279461189489134,0.0001531912701654348,8.56003144530487e-05,1.7896110679530195,1.1010853023686173
(11)Francesco,trial 5,PaPi19112025_161133_M02DA1_EMG_raw.sig,Wrist Extension,5,32;20;16;17;19,0.25950524644872586,1,32,0.07025083595691668,0.0001712086602924497,9.047067123422328e-05,1.8924216871255493,1.147429927502586
(11)Francesco,trial 6,PaPi19112025_161457_M02DA1_EMG_raw.sig,Wrist Extension,5,20;19;15;16;32,0.24663727078662806,1,20,0.057265492214493445,0.00013622669901491372,7.705731957004784e-05,1.7678618952100822,1.1434628214905735
(11)Francesco,trial 7,PaPi19112025_161808_M02DA1_EMG_raw.sig,Wrist Extension,5,20;21;19;17;16,0.25975478408839037,2,20;21,0.11898908748376874,0.0001940987471246725,0.00010243326753254469,1.894879972104807,1.1851288278694219
(11)Francesco,trial 8,PaPi19112025_162032_M02DA1_EMG_raw.sig,Wrist Extension,5,32;27;28;26;23,0.21782010977034114,1,32,0.0896630879896699,0.00013938032417949638,9.268647891911271e-05,1.503782707088628,1.0121158410263744
(12)Rose,Trial 1,PaPi20112025_105147_M02DA1_EMG_raw.sig,Wrist Extension,5,13;12;14;23;24,0.21367519370164847,2,12;13,0.09490908698903212,0.0001600290425902224,0.00010905684198884676,1.4673911299080948,1.0566370051424974
(12)Rose,Trial 2,PaPi20112025_105539_M02DA1_EMG_raw.sig,Wrist Extension,5,14;1;15;13;16,0.24589781093350332,2,1;14,0.11479846931479779,0.00020264789141074464,0.00011508636373845806,1.7608332110594473,1.0555146154369477
(12)Rose,Trial 3,PaPi20112025_105843_M02DA1_EMG_raw.sig,Wrist Extension,5,14;1;15;13;24,0.2218089508918509,3,1;14;15,0.14373647257626668,0.00016675318246327182,0.00010833967657289183,1.5391700228224228,1.0661435386456677
(12)Rose,Trial 4,PaPi20112025_110312_M02DA1_EMG_raw.sig,Wrist Extension,5,14;1;15;13;5,0.22752255009199882,2,1;14,0.10356891831172883,0.00014655489867419958,9.214418718430697e-05,1.5904953220875475,1.0220869383453672
(12)Rose,Trial 5,PaPi20112025_110645_M02DA1_EMG_raw.sig,Wrist Extension,5,14;15;1;28;16,0.2672575525044656,3,1;14;15,0.1757137218728065,0.00020152950961780056,0.0001023213478119157,1.969574423396441,1.1751773671801453
(12)Rose,Trial 6,PaPi20112025_110956_M02DA1_EMG_raw.sig,Wrist Extension,5,28;30;31;32;29,0.48951764222178723,4,28;30;31;32,0.44616222200961103,0.0004788958074108925,9.24825219507923e-05,5.178230408397614,1.6676260811008201
(12)Rose,Trial 7,PaPi20112025_111424_M02DA1_EMG_raw.sig,Wrist Extension,5,1;16;17;15;18,0.30118394886133026,1,1,0.10886884393350886,0.00028142226490926795,0.00012091933296966119,2.3273554195000163,1.1391012423000038
(12)Rose,Trial 8,PaPi20112025_111942_M02DA1_EMG_raw.sig,Wrist Extension,5,16;17;1;18;15,0.2670731023488309,3,1;16;17,0.17745855278733433,0.0003931690860070141,0.00019980949030860108,1.9677197784738534,1.13613829556521
(13)Georgi,Trial 1,PaPi20112025_120248_M02DA1_EMG_raw.sig,Wrist Extension,5,14;15;12;13;11,0.2091752353298946,2,14;15,0.09232480579735383,0.0003768394664007867,0.00026383512569931405,1.4283142375449307,1.034840140523385
(13)Georgi,Trial 2,PaPi20112025_120724_M02DA1_EMG_raw.sig,Wrist Extension,5,14;15;1;12;13,0.23785404114154005,3,1;14;15,0.15281265379963743,0.0003024578995518753,0.00017947286212286942,1.6852570130898608,1.055310173403499
(13)Georgi,Trial 3,PaPi20112025_121120_M02DA1_EMG_raw.sig,Wrist Extension,5,12;1;14;15;11,0.2649487004579131,2,1;12,0.13276641701021602,0.00032976739713469797,0.00016942200326686325,1.9464260295356584,1.093509643980121
(13)Georgi,Trial 4,PaPi20112025_121421_M02DA1_EMG_raw.sig,Wrist Extension,5,1;12;13;14;15,0.2757962682251644,1,1,0.07132542966846951,0.00033283368170695254,0.0001618474577895898,2.0564653053720114,1.1062726279866255
(13)Georgi,Trial 5,PaPi20112025_121739_M02DA1_EMG_raw.sig,Wrist Extension,5,1;12;14;15;2,0.27918750712887497,1,1,0.08493741868526417,0.00031465072644798535,0.00015043929970292945,2.0915460725310613,1.1554609327402776
(13)Georgi,Trial 7,PaPi20112025_122427_M02DA1_EMG_raw.sig,Wrist Extension,5,11;12;1;14;2,0.36193519339669683,3,1;11;12,0.2744276356544084,0.0004275338199242418,0.00013957598195770261,3.063090181617368,1.2528202101733283
(13)Georgi,Trial 8,PaPi20112025_122844_M02DA1_EMG_raw.sig,Wrist Extension,5,1;2;3;12;32,0.3636855985436976,2,1;2,0.1810970725674237,0.00038596406908655124,0.00012505433905298633,3.0863708689309517,1.3594632926443153
(14)Robbie,Trial 1,PaPi20112025_132745_M02DA1_EMG_raw.sig,Wrist Extension,5,14;13;20;12;19,0.24608140606719897,1,14,0.05665045263311289,0.00019690745820361602,0.00011171566141786584,1.7625770254995428,1.1935097244758315
(14)Robbie,Trial 2,PaPi20112025_133052_M02DA1_EMG_raw.sig,Wrist Extension,5,19;15;16;18;20,0.22470810638781621,1,19,0.04890863451307327,0.00011923222459083035,7.618095106233582e-05,1.565118614668743,1.082482968468001
(14)Robbie,Trial 3,PaPi20112025_133402_M02DA1_EMG_raw.sig,Wrist Extension,5,19;20;18;2;4,0.19173862433219507,1,19,0.04247514424753662,0.00011829339177316472,9.234405537070456e-05,1.2810071130002851,1.040756893579647
(14)Robbie,Trial 4,PaPi20112025_133653_M02DA1_EMG_raw.sig,Wrist Extension,5,19;20;18;14;13,0.27443216445725427,2,19;20,0.12502316603641675,0.00014611189428477705,7.153767522579438e-05,2.0424467781990967,1.1852226154318064
(14)Robbie,Trial 5,PaPi20112025_134029_M02DA1_EMG_raw.sig,Wrist Extension,5,19;1;20;18;21,0.2527317342190069,3,1;19;20,0.1645969434327885,9.985458127245311e-05,5.46752776390428e-05,1.8263205160415765,1.1571242958214711
(14)Robbie,Trial 6,PaPi20112025_134341_M02DA1_EMG_raw.sig,Wrist Extension,5,1;19;18;20;17,0.2917949237386998,3,1;18;19,0.20139492761535677,0.0001237135610075333,5.560384846932415e-05,2.2249100451344535,1.1655963530685485
(15)Lucas,Trial 1,PaPi20112025_142451_M02DA1_EMG_raw.sig,Wrist Extension,5,32;19;18;20;16,0.2780661836386864,2,19;32,0.13035990045241555,0.0002566827370850751,0.000123410499664221,2.0799100383149343,1.2504148871610907
(15)Lucas,Trial 2,PaPi20112025_142900_M02DA1_EMG_raw.sig,Wrist Extension,5,19;18;20;16;17,0.21949131991791965,2,18;19,0.09467487274045941,0.00028178884626166615,0.00018556259025522936,1.5185649536045158,1.0873475865817706
(15)Lucas,Trial 3,PaPi20112025_143200_M02DA1_EMG_raw.sig,Wrist Extension,5,19;15;16;18;20,0.18759215721834116,1,19,0.04006627821276847,0.00044170324188975074,0.00035423890495203084,1.2469077668065958,1.0293284619120118
(15)Lucas,Trial 4,PaPi20112025_143549_M02DA1_EMG_raw.sig,Wrist Extension,5,16;19;18;15;21,0.17984358131969824,0,,0.0,0.0003862454991602021,0.00032619058204178393,1.1841099051435071,1.0194513299939936
(15)Lucas,Trial 5,PaPi20112025_143858_M02DA1_EMG_raw.sig,Wrist Extension,5,16;19;15;18;17,0.1691378012936022,0,,0.0,0.0004790177138717928,0.0004357587673776868,1.0992726933629589,0.9864977083708345
(15)Lucas,Trial 6,PaPi20112025_144233_M02DA1_EMG_raw.sig,Wrist Extension,5,5;19;6;1;3,0.19883975915661894,0,,0.0,0.0003002456818744784,0.000224026384661789,1.3402246450915019,1.013756865006793
(15)Lucas,Trial 7,PaPi20112025_144533_M02DA1_EMG_raw.sig,Wrist Extension,5,21;20;19;18;15,0.22499607764070007,2,20;21,0.09453992993794227,0.00033079304342459326,0.00021100442417541036,1.5677066711625025,1.0799339323560941
(15)Lucas,Trial 8,PaPi20112025_144924_M02DA1_EMG_raw.sig,Wrist Extension,5,19;18;16;17;14,0.18028862822548913,2,18;19,0.07457257371283703,0.00036265673189597676,0.00030534766936573485,1.187684624052588,1.0145388195928227
(16)Tynan,Trial 1,PaPi20112025_152909_M02DA1_EMG_raw.sig,Wrist Extension,5,16;13;12;11;17,0.3176179783685847,2,13;16,0.13592538427336315,0.00027071222697214295,0.00010770518492782829,2.5134558485141025,1.3726601815276191
(16)Tynan,Trial 2,PaPi20112025_153156_M02DA1_EMG_raw.sig,Wrist Extension,5,16;18;17;15;13,0.3070382093788195,3,16;17;18,0.19735874353459942,0.00031981173120021163,0.00013366493590399067,2.3926374485371924,1.3901346929876102
(16)Tynan,Trial 3,PaPi20112025_153451_M02DA1_EMG_raw.sig,Wrist Extension,5,16;17;13;15;14,0.3198990508216242,1,16,0.07573685287365528,0.0003420923501919904,0.00013468214742691387,2.5399977408114096,1.3715564027629454
(16)Tynan,Trial 4,PaPi20112025_154144_M02DA1_EMG_raw.sig,Wrist Extension,5,16;12;13;11;15,0.32943862535499435,2,12;16,0.13976884152470173,0.0003127541641832532,0.00011788902006584487,2.6529541428758145,1.4035367923866273
(16)Tynan,Trial 5,PaPi20112025_154443_M02DA1_EMG_raw.sig,Wrist Extension,5,12;13;16;17;14,0.3299688357288805,2,12;13,0.14239124797190658,0.0005128543330806922,0.00019285120104262953,2.6593266223285092,1.378783199144167
(16)Tynan,Trial 6,PaPi20112025_154923_M02DA1_EMG_raw.sig,Wrist Extension,5,13;17;12;16;11,0.29025121522763137,1,13,0.06175140609913661,0.00021544899010230494,9.756213907578154e-05,2.208325813100045,1.3301917707068012
(16)Tynan,Trial 7,PaPi20112025_155208_M02DA1_EMG_raw.sig,Wrist Extension,5,17;12;13;14;16,0.3582089766739239,2,12;17,0.16203167935912385,0.0005902807511850802,0.0001958493050364322,3.0139537695846057,1.5848934078984644
(16)Tynan,Trial 8,PaPi20112025_155530_M02DA1_EMG_raw.sig,Wrist Extension,5,12;13;11;16;17,0.3218238158973227,2,12;13,0.13730619485770715,0.00029639314103262914,0.00011566414283936788,2.5625326376581046,1.3407991804612387
(17)Ben,Trial 1,PaPi20112025_162239_M02DA1_EMG_raw.sig,Wrist Extension,5,18;19;17;15;16,0.3536852993851719,2,18;19,0.16671677696209267,0.00015956268149478574,5.399637332903399e-05,2.9550629358469984,1.4740121279228435
(17)Ben,Trial 4,PaPi20112025_164243_M02DA1_EMG_raw.sig,Wrist Extension,5,18;17;29;27;16,0.27563884456460935,2,17;18,0.12525592417531062,0.00019643936018153658,9.55981489439415e-05,2.054844809774801,1.0236632841227025
(17)Ben,Trial 5,PaPi20112025_164524_M02DA1_EMG_raw.sig,Wrist Extension,5,1;16;27;29;28,0.3222152964416172,2,1;16,0.14865442442788396,0.0003255017042411352,0.00012679587251894113,2.567131703695724,1.2566143496129851
(17)Ben,Trial 6,PaPi20112025_164833_M02DA1_EMG_raw.sig,Wrist Extension,5,30;31;28;13;17,0.28823740194745207,2,30;31,0.1497663365719427,0.00021256840553672784,9.720526382874043e-05,2.186799327156173,1.0694144160865477
(17)Ben,Trial 7,PaPi20112025_165129_M02DA1_EMG_raw.sig,Wrist Extension,5,27;29;30;26;17,0.32774466873736763,1,27,0.07961238357321009,0.0003472769745945764,0.00013191095016884291,2.6326622175798904,1.2801329609094874
(17)Ben,Trial 8,PaPi20112025_165647_M02DA1_EMG_raw.sig,Wrist Extension,5,15;14;16;17;13,0.2720704378385352,0,,0.0,0.00021962100882327198,0.00010881483899173765,2.0183001772391345,1.1098843414880861
(18)Rory,Trial 2,PaPi20112025_174411_M02DA1_EMG_raw.sig,Wrist Extension,5,29;1;20;30;17,0.19154543344107264,0,,0.0,0.00011803579884507652,9.225794988360281e-05,1.2794105981543737,1.0277289834848709
(18)Rory,Trial 3,PaPi20112025_174841_M02DA1_EMG_raw.sig,Wrist Extension,5,14;13;15;12;16,0.20470150138027,2,13;14,0.08774872479509326,0.00013280561656990613,9.555024769502598e-05,1.3899034254080698,1.0340250843869092
(18)Rory,Trial 4,PaPi20112025_175312_M02DA1_EMG_raw.sig,Wrist Extension,5,32;1;29;20;30,0.19978283883665005,2,1;32,0.0916461510022045,0.00012324376394555383,9.14157179735005e-05,1.3481681999290278,1.0240060034284335
(18)Rory,Trial 5,PaPi20112025_175558_M02DA1_EMG_raw.sig,Wrist Extension,5,13;14;15;12;16,0.21467249149098971,2,13;14,0.09373469805509815,0.0001442078005494198,9.769434077832059e-05,1.4761121207280927,1.0516227427435645
(18)Rory,Trial 6,PaPi20112025_180006_M02DA1_EMG_raw.sig,Wrist Extension,5,1;29;14;20;15,0.21234134665835225,1,1,0.05687778514134157,0.00014668242642608046,0.00010075991835774342,1.4557616641300888,1.0082470964048373
(18)Rory,Trial 7,PaPi20112025_180307_M02DA1_EMG_raw.sig,Wrist Extension,5,14;13;15;12;16,0.20855778403743216,2,13;14,0.09116018234806544,0.00013997966471433323,9.837030035737774e-05,1.4229870622107417,1.0081544405886087
(18)Rory,Trial 8,PaPi20112025_181013_M02DA1_EMG_raw.sig,Wrist Extension,5,1;20;19;31;32,0.2039567203394852,1,1,0.045932718415847555,0.00014100859772363098,0.00010191790653883846,1.3835507666152465,1.023409641862647
(19)Benahia,trial 1,PaPi21112025_095727_M02DA1_EMG_raw.sig,Wrist Extension,5,17;16;20;18;19,0.2775256472376874,1,17,0.06470787378356661,0.00019546090553705604,9.422918981562049e-05,2.074313765400265,1.184671162083825
(19)Benahia,trial 2,PaPi21112025_100101_M02DA1_EMG_raw.sig,Wrist Extension,5,17;20;18;16;19,0.2933226157019874,2,17;20,0.12779970154869108,0.00015863316901286377,7.077434912953398e-05,2.2413935410769676,1.2361174302765652
(19)Benahia,trial 3,PaPi21112025_100423_M02DA1_EMG_raw.sig,Wrist Extension,5,17;21;20;16;18,0.30706317089502283,2,17;21,0.13169260507021519,0.00025777201221396825,0.00010772287009586035,2.3929181610607135,1.1983129440747138
(19)Benahia,trial 4,PaPi21112025_100756_M02DA1_EMG_raw.sig,Wrist Extension,5,17;16;18;19;15,0.3054788386574886,1,17,0.07653351632847437,0.00021259742451842115,8.950938869167367e-05,2.3751410620257913,1.2428966324871982
(19)Benahia,trial 5,PaPi21112025_101253_M02DA1_EMG_raw.sig,Wrist Extension,5,17;32;16;18;19,0.28350204886380814,2,17;32,0.12453194420781798,0.0001673750410526638,7.833497112682636e-05,2.1366579784867636,1.1923091839957694
(19)Benahia,trial 6,PaPi21112025_101640_M02DA1_EMG_raw.sig,Wrist Extension,5,32;17;18;1;16,0.309114812179921,1,32,0.09771408339495849,0.00018437530772654015,7.631239153247674e-05,2.4160598825955337,1.1948763745924154
(19)Benahia,trial 7,PaPi21112025_101915_M02DA1_EMG_raw.sig,Wrist Extension,5,21;20;22;19;18,0.335063924925445,2,20;21,0.16298287376988796,0.00019057076726933716,7.003493771691e-05,2.7210814128178153,1.2926050871904096
(19)Benahia,trial 8,PaPi21112025_102246_M02DA1_EMG_raw.sig,Wrist Extension,5,21;20;18;17;22,0.28060423951306895,1,21,0.06197965128055834,0.00016974648083562758,8.058990898872499e-05,2.1062994482271487,1.255951373787471
(20)Kshama,trial 1,PaPi21112025_112927_M02DA1_EMG_raw.sig,Wrist Extension,5,31;30;32;21;22,0.2286280366357973,1,31,0.06116454659296123,4.484913715985709e-05,2.802171394268896e-05,1.6005137034652555,1.0759195032753823
(20)Kshama,trial 2,PaPi21112025_113229_M02DA1_EMG_raw.sig,Wrist Extension,5,22;21;31;23;17,0.20840411749661558,1,22,0.04439572437138272,4.5451799512434064e-05,3.1970877310838194e-05,1.4216625671709613,1.0256378465732112
(20)Kshama,trial 3,PaPi21112025_113534_M02DA1_EMG_raw.sig,Wrist Extension,5,30;31;29;20;32,0.2391457420773197,2,30;31,0.12487816129039007,5.441964879270474e-05,3.2062752116269166e-05,1.6972856414621789,1.1055899408960261
(20)Kshama,trial 4,PaPi21112025_113821_M02DA1_EMG_raw.sig,Wrist Extension,5,32;31;21;20;22,0.2651255835714075,1,32,0.11265096213528072,7.384245203458265e-05,3.790302226645151e-05,1.9481943026992234,1.1474580157079353
(20)Kshama,trial 5,PaPi21112025_114132_M02DA1_EMG_raw.sig,Wrist Extension,5,31;30;20;21;28,0.20617706234697247,1,31,0.04899079900393225,3.6694599580597436e-05,2.61632499032156e-05,1.4025245226162626,1.0325941251639994
(20)Kshama,trial 6,PaPi21112025_114443_M02DA1_EMG_raw.sig,Wrist Extension,5,32;31;1;10;30,0.2322155666604484,2,31;32,0.11596954666490751,4.702276644996525e-05,2.8791373888188967e-05,1.6332241258294142,1.0427976798582665
(20)Kshama,trial 7,PaPi21112025_114840_M02DA1_EMG_raw.sig,Wrist Extension,5,21;1;20;31;32,0.22439873949143535,2,1;21,0.09325814108620928,4.978502527112601e-05,3.1865670806324124e-05,1.5623404124681277,1.0486847413421017
(20)Kshama,trial 8,PaPi21112025_115228_M02DA1_EMG_raw.sig,Wrist Extension,5,1;31;32;2;3,0.29854279254256033,1,1,0.10802320631379914,0.00012619223922427015,5.4907728560069914e-05,2.298260054342147,1.2026850254459505
(21)RubyL,trial 1,PaPi21112025_131829_M02DA1_EMG_raw.sig,Wrist Extension,5,22;23;18;21;17,0.23667241535563371,1,22,0.05171787217208408,0.00013066052661064019,7.803940658448556e-05,1.6742890845689213,1.1230812353098723
(21)RubyL,trial 2,PaPi21112025_132058_M02DA1_EMG_raw.sig,Wrist Extension,5,32;22;18;21;23,0.26007156913487883,1,32,0.06727276118781382,0.0001317337565583396,6.940650143914537e-05,1.8980031240134168,1.069351569169157
(21)RubyL,trial 3,PaPi21112025_132344_M02DA1_EMG_raw.sig,Wrist Extension,5,23;19;18;22;20,0.2693999516878612,0,,0.0,0.00013924182267760894,6.992912962882592e-05,1.9911848383740103,1.145472509639606
(21)RubyL,trial 4,PaPi21112025_132627_M02DA1_EMG_raw.sig,Wrist Extension,5,18;19;17;20;16,0.25067664976913007,2,18;19,0.10878088168783587,0.00013553960461277513,7.502877209651789e-05,1.8065017036186517,1.0556259208545316
(21)RubyL,trial 5,PaPi21112025_132855_M02DA1_EMG_raw.sig,Wrist Extension,5,1;18;17;16;19,0.25189497665138283,0,,0.0,0.00015656693241488742,8.61091588622843e-05,1.81823785626901,1.0717521077740755
(21)RubyL,trial 6,PaPi21112025_133157_M02DA1_EMG_raw.sig,Wrist Extension,5,17;18;16;19;21,0.24729596525189762,0,,0.0,0.00018333716186876592,0.00010333892930257908,1.7741345212891642,1.1070416209283793
(21)RubyL,trial 7,PaPi21112025_133432_M02DA1_EMG_raw.sig,Wrist Extension,5,17;16;18;15;14,0.2460526057205338,0,,0.0,0.00013717505081210188,7.78384977932283e-05,1.7623034192732798,1.036738955544232
(21)RubyL,trial 8,PaPi21112025_133735_M02DA1_EMG_raw.sig,Wrist Extension,5,19;18;20;22;21,0.24695964236404375,0,,0.0,0.0001720174890500556,9.71339631116758e-05,1.7709304092975753,1.1938798327195865
(22)Holly,trial 1,PaPi21112025_142011_M02DA1_EMG_raw.sig,Wrist Extension,5,17;16;15;18;14,0.34061750182937744,3,15;16;17,0.2208038603676338,0.00017618298162507735,6.315978628963884e-05,2.789480331949439,1.410468281271701
(22)Holly,trial 2,PaPi21112025_142329_M02DA1_EMG_raw.sig,Wrist Extension,5,16;17;18;15;19,0.2710485796227534,2,16;17,0.12326698050115688,8.815738031268913e-05,4.390524117492462e-05,2.007901060410027,1.0310018171172721
(22)Holly,trial 3,PaPi21112025_142648_M02DA1_EMG_raw.sig,Wrist Extension,5,16;17;18;15;19,0.29035996653451196,2,16;17,0.12884395139043858,8.514356431232317e-05,3.853536146178257e-05,2.2094917780066567,1.1551756493402574
(22)Holly,trial 4,PaPi21112025_143031_M02DA1_EMG_raw.sig,Wrist Extension,5,16;17;15;18;32,0.29617460334846535,2,16;17,0.132604243219462,0.00011241218172559385,4.946941050924944e-05,2.2723574137714015,1.0729789362339175
(22)Holly,trial 5,PaPi21112025_143408_M02DA1_EMG_raw.sig,Wrist Extension,5,16;17;18;19;15,0.2734854205545179,2,16;17,0.1220006366244283,8.113346055050642e-05,3.991318592744689e-05,2.032748292706792,1.1604613033696634
(22)Holly,trial 6,PaPi21112025_143705_M02DA1_EMG_raw.sig,Wrist Extension,5,16;32;17;15;20,0.28023970851676894,1,16,0.059825114930892175,9.500188878838129e-05,4.518525013466858e-05,2.102497795303576,1.1584498393918155
(22)Holly,trial 7,PaPi21112025_144055_M02DA1_EMG_raw.sig,Wrist Extension,5,17;30;16;18;31,0.2960107068833199,0,,0.0,8.374897527115005e-05,3.68845403782811e-05,2.270571204418867,1.1890150548036407
(22)Holly,trial 8,PaPi21112025_144352_M02DA1_EMG_raw.sig,Wrist Extension,5,17;18;16;19;15,0.2214860642804372,2,17;18,0.09461787184547053,0.00011161977254628495,7.265530971561223e-05,1.5362920202692356,1.0741428428939115
(23)Vlad,trial 1,PaPi21112025_150605_M02DA1_EMG_raw.sig,Wrist Extension,5,17;16;18;19;15,0.20604370525611315,3,16;17;18,0.12879685524297485,5.888970245655359e-05,4.202259284141391e-05,1.401381934684356,1.0591233624459953
(23)Vlad,trial 2,PaPi21112025_150844_M02DA1_EMG_raw.sig,Wrist Extension,5,17;18;16;19;20,0.2250201611088349,2,17;18,0.09273355757379559,4.579473145810386e-05,2.920725416795328e-05,1.567923201365182,1.0586693934053883
(23)Vlad,trial 3,PaPi21112025_151159_M02DA1_EMG_raw.sig,Wrist Extension,5,32;17;18;19;16,0.26339882578308466,1,32,0.09331515987602464,8.151647120420238e-05,4.221532951206899e-05,1.930968492876445,1.1525650538816836
(23)Vlad,trial 4,PaPi21112025_151434_M02DA1_EMG_raw.sig,Wrist Extension,5,32;17;18;16;19,0.26826591084887924,1,32,0.11064611702115462,6.177715813544441e-05,3.120484033198062e-05,1.9797299867011793,1.1458908356947681
(23)Vlad,trial 5,PaPi21112025_151757_M02DA1_EMG_raw.sig,Wrist Extension,5,32;17;18;16;19,0.23472594537058106,1,32,0.06047623971621786,7.50070185715124e-05,4.52860076943978e-05,1.6562956725547548,1.1058780310470682
(23)Vlad,trial 6,PaPi21112025_152116_M02DA1_EMG_raw.sig,Wrist Extension,5,17;18;16;19;20,0.2393492078218223,3,16;17;18,0.14992619371660756,6.439756357477875e-05,3.7899109370963e-05,1.6991840875320927,1.1677696097678427
(23)Vlad,trial 7,PaPi21112025_152407_M02DA1_EMG_raw.sig,Wrist Extension,5,32;17;18;16;19,0.25091354547880346,1,32,0.08064220869043699,5.631477080838728e-05,3.113410587044012e-05,1.8087807320606122,1.1039649444128203
(23)Vlad,trial 8,PaPi21112025_152724_M02DA1_EMG_raw.sig,Wrist Extension,5,32;19;16;26;10,0.1596118647556305,1,32,0.03408822406652716,0.00031841902332643027,0.00031047024680931943,1.0256023776796646,1.0032746339568184
(24)Emily,trial 1,PaPi21112025_165009_M02DA1_EMG_raw.sig,Wrist Extension,5,21;22;20;23;19,0.4657894971876694,3,20;21;22,0.33138639820425075,0.00033818880856839167,7.182707852558878e-05,4.708374828970805,1.6616876131585248
(24)Emily,trial 2,PaPi21112025_165358_M02DA1_EMG_raw.sig,Wrist Extension,5,20;21;22;19;23,0.4618441031431268,2,20;21,0.2505853593014204,0.0003026517944126118,6.530736989394963e-05,4.6342670804853645,1.6727358855180439
(24)Emily,trial 3,PaPi21112025_165742_M02DA1_EMG_raw.sig,Wrist Extension,5,21;22;20;23;19,0.42652597106623846,3,20;21;22,0.29846340074206096,0.0002927872984941353,7.289986884482734e-05,4.016293899202402,1.6287539034274485
(24)Emily,trial 4,PaPi21112025_170048_M02DA1_EMG_raw.sig,Wrist Extension,5,20;21;19;18;22,0.37761987279431636,3,19;20;21,0.2706036311085385,0.0003525441927109102,0.0001076020835260918,3.276369575366297,1.5389740554964728
(24)Emily,trial 5,PaPi21112025_170350_M02DA1_EMG_raw.sig,Wrist Extension,5,20;21;19;22;23,0.4599729359091897,3,19;20;21,0.3272887657227569,0.00042898909689229015,9.32686607777129e-05,4.599498838250711,1.649708627252131
(24)Emily,trial 6,PaPi21112025_170650_M02DA1_EMG_raw.sig,Wrist Extension,5,20;19;21;22;18,0.413132024585586,3,19;20;21,0.30171559148641625,0.0002951848602840455,7.7651861165822e-05,3.801388091055432,1.4234444181137982
(24)Emily,trial 7,PaPi21112025_170950_M02DA1_EMG_raw.sig,Wrist Extension,5,20;32;19;21;3,0.4336297184952338,3,19;20;32,0.2879205014012586,0.0003731608664440509,9.025759380858528e-05,4.134398566345959,1.699659268504979
(24)Emily,trial 8,PaPi21112025_171348_M02DA1_EMG_raw.sig,Wrist Extension,5,20;21;22;19;23,0.3840460193294899,2,20;21,0.18798832668343568,0.0002733807703598881,8.119685376552952e-05,3.366888711591266,1.590071982551747
(25)JamesW,trial 1,PaPi24112025_101724_M02DA1_EMG_raw.sig,Wrist Extension,5,19;18;20;15;17,0.2642725541203604,2,18;19,0.12398054147081926,0.00015703692792180308,8.096045238658708e-05,1.939674536055579,1.2286052633105196
(25)JamesW,trial 2,PaPi24112025_101956_M02DA1_EMG_raw.sig,Wrist Extension,5,18;17;19;16;15,0.2532951389809573,3,17;18;19,0.15585516062250496,0.00030995026879698844,0.0001692078007380464,1.831772929173803,1.1767038991352903
(25)JamesW,trial 3,PaPi24112025_102235_M02DA1_EMG_raw.sig,Wrist Extension,5,19;20;18;21;32,0.2826389338638899,3,18;19;20,0.19277562171532192,0.00018270592746959846,8.58745933255e-05,2.127590016957261,1.2788153431523537
(25)JamesW,trial 4,PaPi24112025_102518_M02DA1_EMG_raw.sig,Wrist Extension,5,19;18;20;17;16,0.26027474594884514,2,18;19,0.11819340171206412,0.00019239453267453125,0.0001012598736213728,1.9000076317883412,1.2121617205626014
(25)JamesW,trial 5,PaPi24112025_102803_M02DA1_EMG_raw.sig,Wrist Extension,5,19;18;20;17;16,0.27540650197051486,2,18;19,0.1262558595524592,0.00022622753675430053,0.00011022292975180898,2.052454396410087,1.2479537454160556
(25)JamesW,trial 6,PaPi24112025_103046_M02DA1_EMG_raw.sig,Wrist Extension,5,19;18;20;32;21,0.3078660760430991,2,18;19,0.15934969087599699,0.00017940338556607792,7.469046691589224e-05,2.4019582816117784,1.2394673683662996
(25)JamesW,trial 7,PaPi24112025_103334_M02DA1_EMG_raw.sig,Wrist Extension,5,19;18;20;32;1,0.31858876617816156,2,18;19,0.15512977633243866,0.00022086057631418534,8.747889174233764e-05,2.524729931018253,1.3117369851508887
(25)JamesW,trial 8,PaPi24112025_103746_M02DA1_EMG_raw.sig,Wrist Extension,5,19;20;18;21;15,0.2523052776228021,2,19;20,0.11815442464723211,0.0001330647510266843,7.302427367948177e-05,1.8221988980093422,1.2017707211311466
(26)Tommi,trial 1,PaPi24112025_111436_M02DA1_EMG_raw.sig,Wrist Extension,5,16;17;15;14;18,0.2557704607418274,2,16;17,0.1157974883535509,0.0003631006834561888,0.000195654492508027,1.8558259450203634,1.141678350330147
(26)Tommi,trial 2,PaPi24112025_111759_M02DA1_EMG_raw.sig,Wrist Extension,5,16;17;15;14;18,0.2670615134262954,2,16;17,0.12248463779094043,0.00022228540460973825,0.00011297267417550778,1.967603283112592,1.1087090441733853
(26)Tommi,trial 3,PaPi24112025_111933_M02DA1_EMG_raw.sig,Wrist Extension,5,16;17;15;14;18,0.2759828777372628,2,16;17,0.12749463212628084,0.000519597570163556,0.000252429466699038,2.0583871485298992,1.2068380565996648
(26)Tommi,trial 4,PaPi24112025_112229_M02DA1_EMG_raw.sig,Wrist Extension,5,16;17;15;14;18,0.26733983750606216,2,16;17,0.12261957537751908,0.0001914760589895966,9.717613426230252e-05,1.9704020996838087,1.1593007173962813
(26)Tommi,trial 5,PaPi24112025_112528_M02DA1_EMG_raw.sig,Wrist Extension,5,16;17;15;14;18,0.26781795976488415,2,16;17,0.12200739411416786,0.00029146247311066266,0.0001475598687903968,1.9752150466104987,1.201555946171751
(26)Tommi,trial 6,PaPi24112025_112810_M02DA1_EMG_raw.sig,Wrist Extension,5,16;17;15;18;1,0.2801889164374901,1,16,0.06423593398564302,0.00023422311309754057,0.00011143036857243835,2.1019683960326976,1.204808053080291
(26)Tommi,trial 7,PaPi24112025_113116_M02DA1_EMG_raw.sig,Wrist Extension,5,7;8;19;16;18,0.2702412804298994,2,7;8,0.15846608793856126,0.00020294044852291264,0.00010148514089134447,1.9997060332230485,1.0926175982075785
(26)Tommi,trial 8,PaPi24112025_113414_M02DA1_EMG_raw.sig,Wrist Extension,5,31;30;25;27;26,0.2694892083367209,2,30;31,0.12759356022630985,8.461262419622835e-05,4.2474342250953056e-05,1.9920879220755863,1.156612586725658
(26)Tommi,trial 8,PaPi24112025_113640_M02DA1_EMG_raw.sig,Wrist Extension,5,16;15;17;14;13,0.24328376177395145,2,15;16,0.10885179557939452,0.00014781675112884732,8.514317163765361e-05,1.7360963690419657,1.0527210093594768
(27)David,trial 1,PaPi24112025_131517_M02DA1_EMG_raw.sig,Wrist Extension,5,18;17;19;16;15,0.24017699824064254,2,17;18,0.1111387281769362,0.00020077637021251397,0.00011762506125090841,1.706918305311092,1.173521574135299
(27)David,trial 2,PaPi24112025_131932_M02DA1_EMG_raw.sig,Wrist Extension,5,31;1;30;32;5,0.19196200814013875,2,1;31,0.08236166709881093,0.0001971066948855891,0.00015364700957757338,1.282854091514705,1.0650721469841675
(27)David,trial 3,PaPi24112025_132315_M02DA1_EMG_raw.sig,Wrist Extension,5,17;18;16;19;15,0.22709747496390031,2,17;18,0.11415441867364545,0.0002659811324875408,0.00016763685003564325,1.5866507419519478,1.101672747431339
(27)David,trial 4,PaPi24112025_132607_M02DA1_EMG_raw.sig,Wrist Extension,5,17;18;16;19;15,0.2549242584786847,2,17;18,0.1314908656594185,0.0003001575808296396,0.0001624593890230801,1.8475853112250542,1.121778141232987
(27)David,trial 5,PaPi24112025_132848_M02DA1_EMG_raw.sig,Wrist Extension,5,17;18;16;32;15,0.204307714243053,2,17;18,0.09426802556995215,0.00022918030350421782,0.00016528898507727895,1.3865431105228654,1.05057175688081
(27)David,trial 6,PaPi24112025_133305_M02DA1_EMG_raw.sig,Wrist Extension,5,17;18;32;16;19,0.2422006217772291,2,17;18,0.11683774496315097,0.00019587426985085096,0.0001134913133045209,1.7258965831620907,1.1059180064975138
(27)David,trial 7,PaPi24112025_133559_M02DA1_EMG_raw.sig,Wrist Extension,5,18;17;1;2;16,0.19173934633208498,2,17;18,0.08069758211577546,0.00017015130117998067,0.00013282557665163217,1.2810130809839766,1.0331396268077189
(27)David,trial 8,PaPi24112025_133915_M02DA1_EMG_raw.sig,Wrist Extension,5,18;19;9;17;32,0.23805008960735854,2,18;19,0.1107923108124076,0.00024982277604040026,0.00014807997865770722,1.687080038131796,1.0997788658666623
(28)Ishaan,trial 1,PaPi24112025_145037_M02DA1_EMG_raw.sig,Wrist Extension,5,19;21;20;18;22,0.21008674285703266,3,19;20;21,0.13525382439159092,5.454109427408915e-05,3.79761419464808e-05,1.4361936594547464,1.0084863845822152
(28)Ishaan,trial 2,PaPi24112025_145407_M02DA1_EMG_raw.sig,Wrist Extension,5,1;31;30;29;28,0.2728471655748198,2,1;31,0.13240021471788985,6.835600637952884e-05,3.373565732312671e-05,2.026224232858476,1.1001182937234684
(28)Ishaan,trial 3,PaPi24112025_145806_M02DA1_EMG_raw.sig,Wrist Extension,5,31;30;27;19;28,0.2441673637993727,1,31,0.07892134722014665,6.65559492519008e-05,3.8153215737189905e-05,1.7444387836232973,1.0611649790787552
(28)Ishaan,trial 4,PaPi24112025_150047_M02DA1_EMG_raw.sig,Wrist Extension,5,31;30;29;27;1,0.21656777960724663,1,31,0.0484553069136986,7.568827777554859e-05,5.070402646548916e-05,1.4927468891857048,0.9842776675168293
(28)Ishaan,trial 5,PaPi24112025_150344_M02DA1_EMG_raw.sig,Wrist Extension,5,1;31;30;29;27,0.2762214985075966,2,1;31,0.13647669075623062,0.00010087961751292901,4.895058306275155e-05,2.060846086013066,1.1338651150362264
(28)Ishaan,trial 6,PaPi24112025_150639_M02DA1_EMG_raw.sig,Wrist Extension,5,9;31;1;30;29,0.21254574230264434,1,9,0.046776552564642054,8.139933149755319e-05,5.584702002308639e-05,1.4575411806020058,0.9784686316161105
(28)Ishaan,trial 7,PaPi24112025_150933_M02DA1_EMG_raw.sig,Wrist Extension,5,30;31;11;29;15,0.23597012016119243,2,30;31,0.10635225627959352,0.00011113159450354736,6.66341888704347e-05,1.667786407959953,1.0881620903066638
(28)Ishaan,trial 8,PaPi24112025_151219_M02DA1_EMG_raw.sig,Wrist Extension,5,1;31;5;6;30,0.2745005964457148,1,1,0.08711693373223692,0.00010459136201378593,5.11912607979276e-05,2.043148779371735,1.1627235215102247
(29)Henry,trial 1,PaPi25112025_102903_M02DA1_EMG_raw.sig,Wrist Extension,5,20;21;19;22;18,0.2827427619824856,2,20;21,0.13579332814038497,0.00023519060158430175,0.00011048660949124853,2.1286796894869946,1.1593695249409868
(29)Henry,trial 2,PaPi25112025_103200_M02DA1_EMG_raw.sig,Wrist Extension,5,21;20;22;19;23,0.17207806709398682,2,20;21,0.0724244113081381,0.00038686717083936224,0.0003446926210621043,1.1223540836102182,1.0116065892886363
(29)Henry,trial 3,PaPi25112025_103458_M02DA1_EMG_raw.sig,Wrist Extension,5,21;20;22;19;23,0.34574528305058616,2,20;21,0.17121230767452747,0.0003629932414350062,0.00012720242118287932,2.853666133548902,1.255074838218538
(29)Henry,trial 4,PaPi25112025_103904_M02DA1_EMG_raw.sig,Wrist Extension,5,20;19;21;6;18,0.2712992770208464,2,19;20,0.12804471920193228,0.0002965165388940625,0.0001474876739376619,2.010449625908332,1.1374079178278054
(29)Henry,trial 5,PaPi25112025_104215_M02DA1_EMG_raw.sig,Wrist Extension,5,19;20;9;18;21,0.32475920880177483,3,9;19;20,0.2192027326680706,0.00025189466607393603,9.698898331813078e-05,2.597147196065594,1.3489912324224784
(29)Henry,trial 6,PaPi25112025_104538_M02DA1_EMG_raw.sig,Wrist Extension,5,19;20;18;21;17,0.29937141916958276,2,19;20,0.15781786204374784,0.00024956151909224025,0.00010815867895156374,2.3073647118415748,1.1528759736372933
(29)Henry,trial 7,PaPi25112025_104832_M02DA1_EMG_raw.sig,Wrist Extension,5,19;20;18;21;17,0.29951797901030985,2,19;20,0.15449856849540033,0.00023997202263075992,0.0001039300050558112,2.3089773016165362,1.13075602893745
(29)Henry,trial 8,PaPi25112025_105121_M02DA1_EMG_raw.sig,Wrist Extension,5,19;20;18;21;17,0.3245324180962101,2,19;20,0.17694331765436658,0.0002853565719832073,0.00010998679428206696,2.594462124711038,1.2693198033906101
(30)Dingle,trial 1,PaPi25112025_122119_M02DA1_EMG_raw.sig,Wrist Extension,5,16;17;19;15;20,0.3200548053947328,1,16,0.06977630036639555,0.00018818748326850093,7.403661103156144e-05,2.541816550574925,1.1250332257115732
(30)Dingle,trial 2,PaPi25112025_122620_M02DA1_EMG_raw.sig,Wrist Extension,5,19;20;16;17;18,0.3307474397574428,1,19,0.07446442419855408,0.00026634458552101867,9.980301535471662e-05,2.668702789934607,1.20422589649845
(30)Dingle,trial 3,PaPi25112025_122937_M02DA1_EMG_raw.sig,Wrist Extension,5,14;19;20;15;18,0.3169228376652053,2,14;19,0.15036503546686206,0.00019550616156731342,7.803382926372633e-05,2.5054026364203246,1.1843923536152365
(30)Dingle,trial 4,PaPi25112025_123726_M02DA1_EMG_raw.sig,Wrist Extension,5,19;20;14;15;1,0.3082110068606897,2,19;20,0.1352711340924567,0.00015427242672794316,6.412391870290193e-05,2.4058483924339695,1.1861431441729073
(30)Dingle,trial 5,PaPi25112025_124023_M02DA1_EMG_raw.sig,Wrist Extension,5,1;14;20;19;21,0.31074114116492135,1,1,0.09965774006292114,0.00015989219819064038,6.567757571365317e-05,2.4345021333879977,1.1944672887730035
(30)Dingle,trial 6,PaPi25112025_124331_M02DA1_EMG_raw.sig,Wrist Extension,5,1;2;3;20;19,0.5585364353133532,2,1;2,0.3783646159635543,0.0005019699937376212,7.347292912612732e-05,6.832040041249945,1.9275187560932017
(30)Dingle,trial 7,PaPi25112025_124656_M02DA1_EMG_raw.sig,Wrist Extension,5,19;20;13;14;21,0.3360422082559807,2,19;20,0.14955790590424206,0.0001776942973723163,6.50169170718488e-05,2.733047111045732,1.372528651421937
(30)Dingle,trial 8,PaPi25112025_125041_M02DA1_EMG_raw.sig,Wrist Extension,5,19;20;14;29;30,0.2591557464463086,1,19,0.057044467307984396,0.00013084822628071582,6.92691970533755e-05,1.8889814209899167,1.21938191934256
(31)Mario,trial 1,PaPi25112025_153136_M02DA1_EMG_raw.sig,Wrist Extension,5,20;19;14;13;15,0.2872471652195916,2,19;20,0.12684261951137077,8.239269318686897e-05,3.7859784794948765e-05,2.1762588887684795,1.271875685995478
(31)Mario,trial 2,PaPi25112025_153630_M02DA1_EMG_raw.sig,Wrist Extension,5,20;21;19;22;23,0.3731586436472744,3,19;20;21,0.24362940797903232,0.0001253868215619547,3.9005178486869744e-05,3.2146198639794323,1.4767369198606695
(31)Mario,trial 3,PaPi25112025_153954_M02DA1_EMG_raw.sig,Wrist Extension,5,20;19;21;22;23,0.32921048070326425,2,19;20,0.15710901058383084,0.0001384770867928628,5.225126079025211e-05,2.650215223489819,1.3424381716679745
(31)Mario,trial 4,PaPi25112025_154423_M02DA1_EMG_raw.sig,Wrist Extension,5,20;19;21;22;23,0.32291573925779016,3,19;20;21,0.21243537299523033,0.00010809604865168202,4.197295678358631e-05,2.5753736914229832,1.2098476167617418
(31)Mario,trial 5,PaPi25112025_154811_M02DA1_EMG_raw.sig,Wrist Extension,5,19;20;21;22;18,0.35746262165626547,3,19;20;21,0.23706850574933414,0.00012964851757700486,4.315603695232881e-05,3.0041803356554198,1.3477914915109306
(31)Mario,trial 6,PaPi25112025_155239_M02DA1_EMG_raw.sig,Wrist Extension,5,6;20;8;5;19,0.3206219041697001,1,6,0.09596203071812079,0.00016595190418546889,6.511886638568671e-05,2.5484458406042756,1.33278668777502
(31)Mario,trial 7,PaPi25112025_155631_M02DA1_EMG_raw.sig,Wrist Extension,5,19;20;21;22;14,0.27886022979098907,2,19;20,0.1289751697428329,0.00013358713943315603,6.397403691893466e-05,2.0881461584553795,1.0635281294047976
(31)Mario,trial 8,PaPi25112025_160052_M02DA1_EMG_raw.sig,Wrist Extension,5,20;19;21;22;31,0.29399992601946695,2,19;20,0.13632955881206565,0.00011607838697776901,5.161965886598339e-05,2.2487244109678337,1.1391963162389243
(32)JamesF,trial 1,PaPi25112025_162029_M02DA1_EMG_raw.sig,Wrist Extension,5,21;20;14;15;22,0.2593602236629425,2,20;21,0.11506585245160392,0.00015778646398912935,8.344102764320778e-05,1.8909937766325364,1.219858301574746
(32)JamesF,trial 2,PaPi25112025_162353_M02DA1_EMG_raw.sig,Wrist Extension,5,1;20;19;21;18,0.2947391358322809,3,1;19;20,0.20177579006463384,0.0003140090832849018,0.00013914270125347722,2.256741319926435,1.2212969565577114
(32)JamesF,trial 3,PaPi25112025_162819_M02DA1_EMG_raw.sig,Wrist Extension,5,19;20;12;18;13,0.2505864522590752,2,19;20,0.11820780386677579,0.0001919147844892168,0.00010628662706091291,1.8056343473881278,1.1762846298605576
(32)JamesF,trial 4,PaPi25112025_163127_M02DA1_EMG_raw.sig,Wrist Extension,5,20;19;21;13;14,0.24001633060098979,2,19;20,0.11266275958665888,0.00019144880368483435,0.00011225930919114804,1.7054158364617003,1.19705963934769
(32)JamesF,trial 5,PaPi25112025_163433_M02DA1_EMG_raw.sig,Wrist Extension,5,20;19;21;18;13,0.24557732408991434,2,19;20,0.11913330424366793,0.0001807218149232149,0.00010281187757518539,1.7577912123144983,1.147381509460386
(32)JamesF,trial 6,PaPi25112025_163735_M02DA1_EMG_raw.sig,Wrist Extension,5,19;20;18;21;12,0.25380685988702995,2,19;20,0.12281083111235144,0.00019956692958483595,0.00010865324764687094,1.8367323012142216,1.1726386707842
(32)JamesF,trial 7,PaPi25112025_164057_M02DA1_EMG_raw.sig,Wrist Extension,5,20;19;18;21;17,0.22705240765565113,2,19;20,0.1038265143956996,0.00017701924483430517,0.00011159652237547872,1.5862433798672018,1.1292756671747992
(32)JamesF,trial 8,PaPi25112025_164359_M02DA1_EMG_raw.sig,Wrist Extension,5,20;21;19;14;15,0.252910839290764,3,19;20;21,0.1730403429534286,0.00011821905174678184,6.466938103930119e-05,1.828052933967888,1.1884900993488565
(33)Elis,trial 1,PaPi26112025_102826_M02DA1_EMG_raw.sig,Wrist Extension,5,18;17;19;20;21,0.3008483010248434,1,18,0.08369229942828156,0.000264050359258394,0.00011363624043131701,2.3236456807807624,1.1955241049865677
(33)Elis,trial 2,PaPi26112025_103328_M02DA1_EMG_raw.sig,Wrist Extension,5,18;17;19;20;16,0.26768016146403084,1,18,0.0649898174199941,0.0002001299215097764,0.00010139181070415145,1.9738272757918323,1.112540318753294
(33)Elis,trial 3,PaPi26112025_103758_M02DA1_EMG_raw.sig,Wrist Extension,5,5;4;6;3;2,0.41855011010323545,3,4;5;6,0.29604982775159516,0.00047984882842194476,0.00012344557049139885,3.8871287686695775,1.559619652363228
(33)Elis,trial 4,PaPi26112025_104112_M02DA1_EMG_raw.sig,Wrist Extension,5,5;4;7;6;17,0.3635804941245303,3,4;5;7,0.25868161525471134,0.00042719662907348516,0.00013847678237446774,3.084969348278643,1.219890000650663
(33)Elis,trial 5,PaPi26112025_104449_M02DA1_EMG_raw.sig,Wrist Extension,5,17;19;18;20;16,0.22093224869987443,0,,0.0,0.00015839785470054507,0.00010343598395612432,1.5313612211368781,1.0810831345896648
(33)Elis,trial 6,PaPi26112025_104752_M02DA1_EMG_raw.sig,Wrist Extension,5,17;18;19;16;20,0.2711756730193949,2,17;18,0.1165462427515855,0.0001981578087622394,9.862557878893491e-05,2.00919286046787,1.1992131366262804
(33)Elis,trial 7,PaPi26112025_105059_M02DA1_EMG_raw.sig,Wrist Extension,5,19;20;18;17;16,0.237811054469416,0,,0.0,0.00014576712442706632,8.651600034443835e-05,1.6848574118860882,1.100466085080175
(33)Elis,trial 8,PaPi26112025_105424_M02DA1_EMG_raw.sig,Wrist Extension,5,18;17;19;12;13,0.23318204709924498,0,,0.0,0.0002349039513358049,0.00014305193075094078,1.6420886464285631,1.1769973363788317
(34)Stasia,trial 1,PaPi26112025_115023_M02DA1_EMG_raw.sig,Wrist Extension,5,21;20;22;19;18,0.3374666625716821,2,20;21,0.16319885098931264,0.00013593736934686693,4.942218715015714e-05,2.750533256123504,1.3012363485067584
(34)Stasia,trial 2,PaPi26112025_115354_M02DA1_EMG_raw.sig,Wrist Extension,5,20;21;18;19;17,0.27957708001461334,2,20;21,0.12213731837147758,0.00014984305399906507,7.150374898790379e-05,2.0955971696590883,1.0474116880734425
(34)Stasia,trial 3,PaPi26112025_115737_M02DA1_EMG_raw.sig,Wrist Extension,5,20;18;19;17;32,0.30522250818768276,3,18;19;20,0.19163791197428404,0.0002383824570183176,0.0001004869617800768,2.372272509741466,1.2525907472064253
(34)Stasia,trial 4,PaPi26112025_120212_M02DA1_EMG_raw.sig,Wrist Extension,5,20;21;19;18;17,0.279739171566295,3,19;20;21,0.17931082737530926,0.00015757978186630513,7.51351654259287e-05,2.097284021044097,1.195639293626993
(34)Stasia,trial 5,PaPi26112025_120947_M02DA1_EMG_raw.sig,Wrist Extension,5,19;18;20;21;17,0.2888595998013689,3,18;19;20,0.18387316733778694,0.00018490720044238944,8.430020098231907e-05,2.1934372431825095,1.2061465828261946
(34)Stasia,trial 6,PaPi26112025_121456_M02DA1_EMG_raw.sig,Wrist Extension,5,18;19;20;21;17,0.2982670881768069,2,18;19,0.1278946891027202,0.0001846188791459964,8.043570292340085e-05,2.295235479222572,1.030064905600007
(34)Stasia,trial 7,PaPi26112025_121856_M02DA1_EMG_raw.sig,Wrist Extension,5,1;8;4;5;30,0.3282133564686277,2,1;8,0.19056347893468786,6.384589916117795e-05,2.4199944072857372e-05,2.6382663930528434,1.2467763099399
(34)Stasia,trial 8,PaPi26112025_122352_M02DA1_EMG_raw.sig,Wrist Extension,5,1;2;3;5;4,0.2525777477581039,2,1;2,0.12689759443127743,6.158534489995418e-05,3.374850626214231e-05,1.8248317250425419,1.0813605303496785
(35)Sonia,trial 1,PaPi26112025_144712_M02DA1_EMG_raw.sig,Wrist Extension,5,32;20;14;21;19,0.27189951829831216,3,14;20;32,0.17584081674122248,0.00020438359313973146,0.00010135265978395898,2.0165587521372488,1.2366299104854113
(35)Sonia,trial 2,PaPi26112025_145049_M02DA1_EMG_raw.sig,Wrist Extension,5,19;18;20;10;17,0.2527842011106727,2,18;19,0.11528898603272256,0.00019501100403039617,0.00010674842526971144,1.8268279231068727,1.182820896780461
(35)Sonia,trial 3,PaPi26112025_145353_M02DA1_EMG_raw.sig,Wrist Extension,5,19;20;18;21;17,0.27471977210488596,2,19;20,0.1393690874902843,0.00017292281611736666,8.454237818072078e-05,2.0453980576193485,1.1344978131079169
(35)Sonia,trial 4,PaPi26112025_145702_M02DA1_EMG_raw.sig,Wrist Extension,5,13;21;15;20;19,0.33419867613731696,2,13;21,0.16748556219134972,0.00025421975476219103,9.378976869167798e-05,2.710527580016818,1.3335473497356511
(35)Sonia,trial 5,PaPi26112025_145958_M02DA1_EMG_raw.sig,Wrist Extension,5,19;20;18;21;17,0.2715102416437596,2,19;20,0.13474076102074178,0.00020264822183812823,0.0001006899839786311,2.0125956309729394,1.1683496463205247
(35)Sonia,trial 6,PaPi26112025_150258_M02DA1_EMG_raw.sig,Wrist Extension,5,19;20;21;18;17,0.26134105540949165,2,19;20,0.129359696362232,0.00015612331026002073,8.171660435423425e-05,1.910545739067179,1.1442363797414925
(35)Sonia,trial 7,PaPi26112025_150556_M02DA1_EMG_raw.sig,Wrist Extension,5,19;20;18;21;17,0.30984227414115484,2,19;20,0.15396789277876968,0.00017738219338901557,7.3168464883885e-05,2.424298414221386,1.2777969888779135
(35)Sonia,trial 8,PaPi26112025_150940_M02DA1_EMG_raw.sig,Wrist Extension,5,20;19;21;18;17,0.3090700397506598,2,19;20,0.16115245854706076,0.0001635299822013454,6.769876509466857e-05,2.4155534000165053,1.226568543191623
(36)Emma,trial 1,PaPi02122025_102728_M02DA1_EMG_raw.sig,Wrist Extension,5,18;19;17;20;16,0.36543571523691504,3,17;18;19,0.2581098224940779,0.00021393151257149376,6.879321983317856e-05,3.109776124598777,1.3697596122716664
(36)Emma,trial 2,PaPi02122025_103045_M02DA1_EMG_raw.sig,Wrist Extension,5,18;17;19;16;14,0.24546180376423998,2,17;18,0.11422698511552491,0.00017019614134511097,9.688426703935652e-05,1.7566953494727224,1.1417764439823725
(36)Emma,trial 3,PaPi02122025_103347_M02DA1_EMG_raw.sig,Wrist Extension,5,17;16;15;18;14,0.26754425886988736,1,17,0.058643686315924363,0.00022051098726134322,0.0001117949600840712,1.9724591081343579,1.23948204619629
(36)Emma,trial 4,PaPi02122025_103827_M02DA1_EMG_raw.sig,Wrist Extension,5,18;17;19;16;15,0.3362524247619824,2,17;18,0.1658984735731791,0.00013781314497609984,5.037724421784288e-05,2.7356229407897716,1.3734688794102796
(36)Emma,trial 5,PaPi02122025_104130_M02DA1_EMG_raw.sig,Wrist Extension,5,17;18;19;16;15,0.36247471621234306,2,17;18,0.18524883277085266,0.00019365366189078132,6.307418514772948e-05,3.0702522979443105,1.4916767610651296
(36)Emma,trial 6,PaPi02122025_104423_M02DA1_EMG_raw.sig,Wrist Extension,5,17;18;19;16;15,0.37941623077161135,2,17;18,0.19010128628023087,0.00023443997852489766,7.101047547532772e-05,3.3014844212154704,1.4546644348622508
(36)Emma,trial 7,PaPi02122025_104753_M02DA1_EMG_raw.sig,Wrist Extension,5,17;18;16;15;14,0.2809156745061645,2,17;18,0.12255817657917464,0.00028129147569261987,0.00013334190676494827,2.1095504220475365,1.2628245316422388
(36)Emma,trial 8,PaPi02122025_105309_M02DA1_EMG_raw.sig,Wrist Extension,5,17;18;16;19;15,0.30803718228505894,2,17;18,0.1456036454820812,0.0002801233140702522,0.00011652929320259272,2.403887523656752,1.2912816985166216
